Duane Adams,Hojzi Path,Zurmubku,NY,08/08/43
Ruby Hampton,Seime Plaza,Ikduju,KS,16/09/86
Carl Johnson,Zopwe Drive,Ehazeru,RI,27/11/64
Lucy Cooper,Hotho Heights,Wiwolufu,VA,24/08/29
Hester Crawford,Unok Junction,Zosesi,TN,18/05/94
Mike Harrison,Jojat Turnpike,Puwhuwwem,CO,27/03/21
Manuel Austin,Ahcew Court,Rilufgob,WV,11/01/14
Gussie Patton,Bapber Lane,Dagpupijo,IN,05/04/02
Wesley Bass,Culpo Square,Ukfipaf,VT,01/01/77
Herman Hernandez,Duput Parkway,Giszasza,MO,29/04/18
Lucas Hart,Jezgon Grove,Canakhug,NV,24/09/06
Delia Walsh,Fosja Drive,Baftari,NY,29/12/08
Marie Reese,Dugge Key,Wusulgo,HI,05/04/63
Brian Stevenson,Bemeg Turnpike,Muebibe,OR,24/08/37
Lottie Larson,Razuk Extension,Pesulobi,IL,18/08/73
Sara Guzman,Deum Mill,Mompacbag,NJ,04/04/64
Austin Diaz,Sola Highway,Vawhadkaw,NY,01/02/37
Marie Hill,Wotli Grove,Kabgunjo,AK,15/12/25
Isabel Lawrence,Ulares Mill,Vondujper,NM,17/02/05
Herbert Hale,Akaec Extension,Wacwuuha,IL,22/04/65
Nell Valdez,Olrad Court,Keunwip,NV,16/04/74
Sue Hunt,Hirow Pike,Boruuna,PA,03/06/68
Ruth Turner,Bipelo Heights,Azitiil,AK,07/05/43
Cordelia Wise,Huwgi Path,Seviga,ID,30/08/22
Corey Wise,Zohza Square,Nokkucwe,AL,24/03/90
Minnie Larson,Wepo Park,Rezecti,UT,18/10/20
Kate McDonald,Izni Road,Bicwelped,IL,31/01/45
Lois Campbell,Futo Heights,Epihokeb,PA,11/09/59
Nora Beck,Teha Glen,Rudoto,TN,16/12/07
Winifred Perez,Zusno Street,Inietazaj,CO,15/12/37
Cora Valdez,Raut Pass,Balehhem,UT,14/03/24
Nancy Goodman,Wasit Parkway,Azuwonso,NY,04/05/23
Vera Potter,Goutu Path,Ovoziwug,AR,19/05/39
Mollie Barker,Sozepe Junction,Ajcukpoc,DE,24/08/96
Ora Tate,Dowev Pike,Cekgesa,MA,24/11/19
Connor Bridges,Ucge Key,Keduzet,KY,22/03/50
Louise Kim,Amutu Park,Puwkulad,WV,14/05/62
Max French,Fedsik Manor,Bojujaaru,SC,30/10/20
Clara Gomez,Obiha Junction,Enewiiz,AZ,21/05/32
Caroline Cruz,Jimo Highway,Wonkuruf,MO,19/09/63
Luke George,Iwunup Glen,Rivoud,LA,10/01/65
Bernice Kennedy,Emloj Ridge,Ikuohogis,NM,01/02/61
Scott Phillips,Coje Extension,Cormitpe,MI,09/12/58
Sadie Hardy,Rozwi Ridge,Toululek,MO,03/12/39
Anne Francis,Kolzag Parkway,Zegejeh,OR,03/11/11
Nettie Parker,Lolroh Point,Agoniata,MI,11/02/66
Maurice Willis,Ipaovo Heights,Pijetoko,AK,30/10/18
Mittie Jackson,Guvob Point,Zodevcid,FL,30/03/09
Jeffery Watson,Deam Pass,Uvararhak,GA,09/11/63
Wayne Moss,Pihi Lane,Uzhogba,NH,25/01/27
Mike Morris,Zofaf Pike,Reozoce,NC,10/07/54
Rena Lewis,Wagar Parkway,Iluepevav,KS,20/08/58
Mildred Vargas,Lodoz Turnpike,Zokoredaz,NC,19/07/67
Frank Cummings,Vifgel Trail,Fumisov,OH,20/10/10
Jeanette Weaver,Cofben Pike,Ediujimas,NH,16/04/30
Frank Peterson,Urial Street,Cudzufvo,MD,22/01/00
Ina Warren,Fidlid Trail,Bubifte,AL,09/09/85
Bernice Ross,Mekop Circle,Suganki,CT,14/07/56
Amelia Campbell,Zepvoh Court,Doneine,CO,19/08/03
Edwin Hill,Salo Turnpike,Libasu,PA,09/07/89
Leila Moran,Fuuw Court,Iresenaz,WV,22/09/54
Nelle Curtis,Cekzu Park,Veewiji,KS,03/03/00
Billy Davis,Jerihu Pass,Tejicvi,KS,21/05/36
Ernest Carr,Fewfo Avenue,Kufehur,WV,20/11/20
Lenora Parker,Vusevi Extension,Livnicfew,CO,21/05/67
Winifred Pearson,Neeve Boulevard,Icakadsuc,OK,06/04/69
Jose Graves,Maboj Avenue,Mavuzac,NV,05/09/41
Jeremy Salazar,Jeleka Loop,Ecnisni,NV,03/12/37
Gavin Freeman,Divzif River,Nofovamo,TN,03/10/82
Margaret Paul,Tujes Plaza,Nulatife,WV,13/06/11
Mildred Gonzales,Reez Center,Larufogi,GA,16/03/27
Julia Franklin,Puron Grove,Ciujela,IN,25/08/33
Jerry Higgins,Zaihu Grove,Tovhunji,AR,14/03/02
Virginia Frank,Homto Loop,Huztitdef,LA,22/12/30
Cory Simon,Pujguh View,Dusitimo,GA,12/11/34
Trevor Holmes,Tial Glen,Cepusip,MO,20/11/00
Michael Parker,Jatawa Ridge,Cimtogur,OR,24/06/18
Joel Frazier,Jean Glen,Cutharma,CT,05/06/60
Trevor Arnold,Nabji Path,Uvcawom,NH,08/10/27
Lena Salazar,Loca Pass,Fisvopa,IL,16/05/35
Hallie Roy,Uhot Terrace,Esidebto,VT,13/07/32
Lucas Ortiz,Jotah Pike,Huubba,WA,07/01/53
Lizzie Parks,Jezav Trail,Hizaeci,NV,07/02/90
Sam Manning,Miglej Point,Cibomjef,AL,08/06/68
Marguerite Floyd,Cupe Grove,Zivehvu,AR,22/08/26
Sophie Summers,Sijfu Key,Pewufuj,OH,16/08/49
Phoebe Becker,Semsa Boulevard,Zafnouz,IA,05/10/14
Bessie Myers,Duffad Junction,Nulzijfa,MT,02/01/54
Lucille Vargas,Nekcih Drive,Fakcuza,IA,07/11/34
Ivan Ramos,Moktoz Court,Lesoip,DC,29/12/44
Beulah Drake,Danij Center,Hiichi,NY,07/07/60
Cecilia Becker,Ruowa Key,Gajbejic,VA,07/07/22
Lida McGuire,Nigtum Manor,Paanecis,TN,06/06/89
Carolyn Cunningham,Gijob Boulevard,Laibedo,OH,24/01/27
Nancy Jackson,Pawab Mill,Neguzeef,MN,09/07/42
Alta Peters,Bafvi River,Ofeaswiz,HI,24/10/25
Alma Clayton,Azpi Drive,Irapemso,UT,07/02/13
Clarence Graves,Kamo Avenue,Ocmetip,DC,28/07/25
Annie Payne,Tinili Drive,Wiboluso,SD,05/05/38
Sadie Chavez,Leze Path,Foamaek,NY,13/05/37
